patID,t_start,t_end,NNmean,NNmedian,NNmode,NNvariance,NNskew,NNkurt,NNiqr,SDNN,RMSSD,pnn50,btsdet,avgsqi,tdflag,ulf,vlf,lf,hf,lfhf,ttlpwr,fdflag,ac,dc,SD1,SD2,SD1SD2,SampEn,ApEn
s01_SNP_A0_2,0,60,792.21333,792,760,944.38631,0.11289877,2.5555101,43,30.730869,22.708493,0.040540541,75,,5,9.2071848,399.04301,520.21436,150.78806,3.45,1079.2526,5,,,16.159195,40.344182,0.40053347,1.6018416,0.6106732
