patID,t_start,t_end,NNmean,NNmedian,NNmode,NNvariance,NNskew,NNkurt,NNiqr,SDNN,RMSSD,pnn50,btsdet,avgsqi,tdflag,ulf,vlf,lf,hf,lfhf,ttlpwr,fdflag,ac,dc,SD1,SD2,SD1SD2,SampEn,ApEn
u05_HA_A0_5,0,60,898.21538,896,884,2021.0154,0.13400295,2.4132647,57,44.955705,41.629317,0.21875,65,0.9648788,5,1.2998855,62.063097,1564.5143,525.00427,2.98,2152.8815,5,,,29.668941,56.22975,0.52763779,Inf,0.27971586
