patID,t_start,t_end,NNmean,NNmedian,NNmode,NNvariance,NNskew,NNkurt,NNiqr,SDNN,RMSSD,pnn50,btsdet,avgsqi,tdflag,ulf,vlf,lf,hf,lfhf,ttlpwr,fdflag,ac,dc,SD1,SD2,SD1SD2,SampEn,ApEn
u12_SNP_A0_6,0,60,1111.3208,1108,1104,5825.0682,-0.12783283,1.8851881,128,76.322135,75.032301,0.55769231,53,0.96323415,5,289.88309,1920.2403,1622.1148,1656.0931,0.98,5488.3313,5,,,53.573451,93.701771,0.57174427,Inf,0.018322242
