patID,t_start,t_end,NNmean,NNmedian,NNmode,NNvariance,NNskew,NNkurt,NNiqr,SDNN,RMSSD,pnn50,btsdet,avgsqi,tdflag,ulf,vlf,lf,hf,lfhf,ttlpwr,fdflag,ac,dc,SD1,SD2,SD1SD2,SampEn,ApEn
u13_SNP_A0_6,0,60,876.776119,896,916,9932.72185,-0.404602947,2.49650791,130,99.6630415,83.2739182,0.46969697,67,,5,225.142472,1630.23029,5697.50078,3950.39234,1.44,11503.2659,5,,,59.2723712,127.875837,0.46351502,2.1092945,0.340528737
