patID,t_start,t_end,NNmean,NNmedian,NNmode,NNvariance,NNskew,NNkurt,NNiqr,SDNN,RMSSD,pnn50,btsdet,avgsqi,tdflag,ulf,vlf,lf,hf,lfhf,ttlpwr,fdflag,ac,dc,SD1,SD2,SD1SD2,SampEn,ApEn
u00_JOY_A0_3,0,30,771.8889,772,748,493.2444,0.1978877,2.764639,28,22.20911,27.88548,0.08571429,36,0.9632191,5,8.874764,101.7494,171.8507,113.4529,1.51,395.9278,5,,,19.99227,24.22392,0.8253111,Inf,0.07922605
