patID,t_start,t_end,NNmean,NNmedian,NNmode,NNvariance,NNskew,NNkurt,NNiqr,SDNN,RMSSD,pnn50,btsdet,avgsqi,tdflag,ulf,vlf,lf,hf,lfhf,ttlpwr,fdflag,ac,dc,SD1,SD2,SD1SD2,SampEn,ApEn
u03_HA_A0_2,0,30,771.67568,772,716,1676.7808,0.023065445,1.814399,70,40.948514,49.968879,0.30555556,37,0.96431249,5,3.4231414,32.352826,149.2246,1757.1261,0.08,1942.1267,5,,,35.791637,45.524941,0.78619842,0.63598877,0.021619788
