patID,t_start,t_end,NNmean,NNmedian,NNmode,NNvariance,NNskew,NNkurt,NNiqr,SDNN,RMSSD,pnn50,btsdet,avgsqi,tdflag,ulf,vlf,lf,hf,lfhf,ttlpwr,fdflag,ac,dc,SD1,SD2,SD1SD2,SampEn,ApEn
u03_HA_A0_4,0,30,748.84211,744,732,1753.2176,0.76730327,3.5152955,60,41.871442,42.029591,0.16216216,38,0.99136579,5,19.975701,241.99568,469.89805,1378.1429,0.34,2110.0123,5,,,30.093348,50.998291,0.59008543,Inf,0.07525518
