patID,t_start,t_end,NNmean,NNmedian,NNmode,NNvariance,NNskew,NNkurt,NNiqr,SDNN,RMSSD,pnn50,btsdet,avgsqi,tdflag,ulf,vlf,lf,hf,lfhf,ttlpwr,fdflag,ac,dc,SD1,SD2,SD1SD2,SampEn,ApEn
u03_JOY_A0_5,0,30,744.61538,744,728,1256.8745,0.33758023,2.4130032,48,35.452426,34.114359,0.13157895,39,0.96100588,5,7.9626676,150.79503,199.73597,1275.1604,0.16,1633.6541,5,,,24.43466,43.780091,0.55812265,1.0445451,0.2671354
