patID,t_start,t_end,NNmean,NNmedian,NNmode,NNvariance,NNskew,NNkurt,NNiqr,SDNN,RMSSD,pnn50,btsdet,avgsqi,tdflag,ulf,vlf,lf,hf,lfhf,ttlpwr,fdflag,ac,dc,SD1,SD2,SD1SD2,SampEn,ApEn
u13_JOY_A0_4,0,30,1008.5714,1004,948,5413.5873,-0.24710551,2.1307328,114,73.577084,68.486279,0.44444444,28,0.9968254,5,133.34355,2088.7079,1944.7277,809.63402,2.4,4976.4132,5,,,49.349501,91.606776,0.53871016,Inf,0.16293037
