patID,t_start,t_end,NNmean,NNmedian,NNmode,NNvariance,NNskew,NNkurt,NNiqr,SDNN,RMSSD,pnn50,btsdet,avgsqi,tdflag,ulf,vlf,lf,hf,lfhf,ttlpwr,fdflag,ac,dc,SD1,SD2,SD1SD2,SampEn,ApEn
u13_JOY_A0_5,0,30,1121.6923,1116,1112,2574.3015,0.059678831,2.5049345,60,50.737575,83.076832,0.52,26,0.96638828,5,3.0255627,47.843469,398.51413,1583.9423,0.25,2033.3254,5,,,59.955094,39.420677,1.5209048,Inf,0.036139047
