patID,t_start,t_end,NNmean,NNmedian,NNmode,NNvariance,NNskew,NNkurt,NNiqr,SDNN,RMSSD,pnn50,btsdet,avgsqi,tdflag,ulf,vlf,lf,hf,lfhf,ttlpwr,fdflag,ac,dc,SD1,SD2,SD1SD2,SampEn,ApEn
u14_JOY_A0_5,0,30,1071.2593,1076,1096,2318.8148,-0.59831546,3.2983405,43,48.154074,49.923018,0.30769231,27,,5,6.7271116,262.8114,926.01254,917.91915,1.01,2113.4702,5,,,35.865733,57.890231,0.61954723,Inf,0.034887259
