,SDNN,RMSSD,ulf,vlf,lf,hf,lfhf,SD1,SD2,SD1SD2,ApEn,Subject,Interface,Autonomy Level,Raw Label,Weighted Label
312,67.238672,49.484966,25.894184,1135.8579,1821.6846,744.76495,2.45,35.803166,88.092061,0.40642897,0.12556322,s03,JOY,A2,High,High
313,67.238672,49.484966,25.894184,1135.8579,1821.6846,744.76495,2.45,35.803166,88.092061,0.40642897,0.12556322,s03,JOY,A2,High,High
314,65.897753,48.35475,27.39127,1148.2819,1689.647,713.71869,2.37,34.954764,86.389769,0.40461694,0.12053407,s03,JOY,A2,High,High
315,65.897753,48.35475,27.39127,1148.2819,1689.647,713.71869,2.37,34.954764,86.389769,0.40461694,0.12053407,s03,JOY,A2,High,High
316,65.897753,48.35475,27.39127,1148.2819,1689.647,713.71869,2.37,34.954764,86.389769,0.40461694,0.12053407,s03,JOY,A2,High,High
