,SDNN,RMSSD,ulf,vlf,lf,hf,lfhf,SD1,SD2,SD1SD2,ApEn,Subject,Interface,Autonomy Level,Raw Label,Weighted Label
0,53.510276,31.724423,142.82123,2003.0217,951.54915,984.08136,0.97,22.687054,72.19416,0.31425055,0.2898305,u06,SNP,A0,High,High
1,53.17507,31.368774,145.2498,2010.5762,933.79463,930.66263,1.0,22.420022,71.781047,0.31233902,0.15025584,u06,SNP,A0,High,High
2,53.270783,34.442499,92.237165,1678.1535,961.42689,1076.5277,0.89,24.64371,71.191574,0.34616048,0.18947655,u06,SNP,A0,High,High
3,51.90348,34.547414,47.603223,1314.8071,1145.76,1013.9926,1.13,24.717216,69.115857,0.35762005,0.10943384,u06,SNP,A0,High,High
4,52.269851,35.310864,25.350244,1186.8793,1346.327,873.82502,1.54,25.268914,69.467666,0.36375072,0.10943384,u06,SNP,A0,High,High
