,SDNN,RMSSD,ulf,vlf,lf,hf,lfhf,SD1,SD2,SD1SD2,ApEn,Subject,Interface,Autonomy Level,Raw Label,Weighted Label
748,28.248068,6.6703186,75.973601,880.83105,147.72815,18.168004,8.13,4.7221103,39.668733,0.1190386,0.47082458,s02,HA,A2,Low,Low
749,28.628996,6.7194259,83.348851,925.86004,136.05919,16.070331,8.47,4.7682997,40.205747,0.11859746,0.49210368,s02,HA,A2,Low,Low
750,28.864735,6.7194259,90.18761,960.22184,125.11743,12.836943,9.75,4.7682997,40.541449,0.11761542,0.50388763,s02,HA,A2,Low,Low
751,29.485028,6.7843494,103.88035,1036.1102,93.051289,14.078773,6.61,4.7994799,41.420995,0.11587071,0.47363418,s02,HA,A2,Low,Low
752,29.701215,6.7030968,108.82998,1069.4114,80.567126,16.791796,4.8,4.7596733,41.733318,0.11404972,0.47807863,s02,HA,A2,Low,Low
