,SDNN,RMSSD,ulf,vlf,lf,hf,lfhf,SD1,SD2,SD1SD2,ApEn,Subject,Interface,Autonomy Level,Raw Label,Weighted Label
47,45.314966,51.594573,14.886639,228.56224,1058.1457,628.51194,1.68,36.771171,52.485934,0.70059097,0.24846331,u05,HA,A1,Low,Low
48,45.459785,51.349781,10.02318,244.20319,1073.2833,605.17272,1.77,36.591403,52.860698,0.69222323,0.245245,u05,HA,A1,Low,Low
49,45.422482,51.313816,6.3992563,242.64926,1085.4348,611.99279,1.77,36.565431,52.814515,0.69233679,0.29019639,u05,HA,A1,Low,Low
50,45.739059,51.826634,6.3543129,234.7707,1101.7857,628.49719,1.75,36.933982,53.10371,0.69550663,0.30270537,u05,HA,A1,Low,Low
51,45.635007,51.833869,5.5666941,214.1197,1118.1001,635.33602,1.76,36.938575,52.921162,0.69799252,0.32517823,u05,HA,A1,Low,Low
52,45.972892,50.075635,0.93392872,243.1822,1067.5582,677.35641,1.58,35.655024,54.366651,0.65582529,0.32096805,u05,HA,A1,Low,Low
