patID,t_start,t_end,NNmean,NNmedian,NNmode,NNvariance,NNskew,NNkurt,NNiqr,SDNN,RMSSD,pnn50,btsdet,avgsqi,tdflag,ulf,vlf,lf,hf,lfhf,ttlpwr,fdflag,ac,dc,SD1,SD2,SD1SD2,SampEn,ApEn
s05_SNP_A0_2,0,60,1176.96,1212,1296,25763.631,-0.313720875,1.80783009,280,160.510532,180.540685,0.857142857,50,0.965111618,5,164.525405,2417.91442,8354.71051,11934.349,0.7,22871.4993,5,,,128.983651,186.789935,0.690527846,1.34462166,0.32785889
