patID,t_start,t_end,NNmean,NNmedian,NNmode,NNvariance,NNskew,NNkurt,NNiqr,SDNN,RMSSD,pnn50,btsdet,avgsqi,tdflag,ulf,vlf,lf,hf,lfhf,ttlpwr,fdflag,ac,dc,SD1,SD2,SD1SD2,SampEn,ApEn
u04_HA_A0_5,0,60,900.18462,904,884,1130.2154,-0.32684386,2.9175317,37,33.618676,26.645825,0.0625,65,0.95856028,5,0.0701405,102.84341,793.81107,314.72847,2.52,1211.4531,5,,,18.980148,43.591108,0.4354133,2.453158,0.48230954
