patID,t_start,t_end,NNmean,NNmedian,NNmode,NNvariance,NNskew,NNkurt,NNiqr,SDNN,RMSSD,pnn50,btsdet,avgsqi,tdflag,ulf,vlf,lf,hf,lfhf,ttlpwr,fdflag,ac,dc,SD1,SD2,SD1SD2,SampEn,ApEn
u14_SNP_A0_4,0,60,1094.2222,1086,1012,4288.4025,-0.087252245,1.9215047,104,65.485896,74.679693,0.58490566,54,0.97321509,5,45.060008,953.13441,1087.4829,1780.5175,0.61,3866.1948,5,,,53.280374,75.749632,0.70337469,Inf,0.21535251
