,SDNN,RMSSD,ulf,vlf,lf,hf,lfhf,SD1,SD2,SD1SD2,ApEn,Subject,Interface,Autonomy Level,Raw Label,Weighted Label
302,64.445311,68.080998,121.27226,531.30558,778.01546,1994.5545,0.39,48.122907,77.39885,0.62175222,0.56744011,u02,Headarray,A2,High,High
303,32.005314,34.103112,46.617533,334.32572000000005,133.11688999999998,336.82972,0.4,24.343169,38.158751,0.6379446,0.30080016,u02,Headarray,A2,High,High
304,32.148131,34.726259000000006,50.831431,359.78459,152.19818999999998,302.61054,0.5,24.820204,38.091497,0.65159434,0.29554933,u02,Headarray,A2,High,High
305,32.502456,34.983171,54.954716000000005,370.09803,155.42789,308.93012000000004,0.5,25.000525,38.571921,0.6481534999999999,0.30080016,u02,Headarray,A2,High,High
306,33.894869,35.005590000000005,66.76486899999999,432.09589000000005,177.22193000000001,294.3786,0.6,24.985329,40.907917,0.61077002,0.29554933,u02,Headarray,A2,High,High
307,33.552647,35.867368,64.40815500000001,427.49937,173.52641,284.21004,0.61,25.632715,39.931494,0.64191726,0.2904792,u02,Headarray,A2,High,High
308,34.507169,36.642029,72.972953,480.04804,134.97132,315.46169,0.43,26.167043,41.191931,0.63524682,0.26017385,u02,Headarray,A2,High,High
309,34.820008,36.995886999999996,74.24611,490.69049,137.82236,322.09271,0.43,26.432669,41.547321000000004,0.63620634,0.26477767,u02,Headarray,A2,High,High
310,34.820008,36.995886999999996,74.24611,490.69049,137.82236,322.09271,0.43,26.432669,41.547321000000004,0.63620634,0.26477767,u02,Headarray,A2,High,High
