,SDNN,RMSSD,ulf,vlf,lf,hf,lfhf,SD1,SD2,SD1SD2,ApEn,Subject,Interface,Autonomy Level,Raw Label,Weighted Label
15,57.48974499999999,18.805506,453.20435999999995,3105.1608,631.1563,141.22325,4.47,13.324807,80.203435,0.16613761,0.67939036,u09,Joystick,A0,Low,Low
16,56.654379000000006,18.805506,429.3653,3060.8585,577.95461,116.06477,4.98,13.341138,79.00285699999999,0.16886905,0.70213185,u09,Joystick,A0,Low,Low
17,55.930599,18.400767000000002,408.20255,3026.0503,538.19452,105.75587,5.09,13.078476,78.009084,0.16765324,0.70042157,u09,Joystick,A0,Low,Low
18,55.588223,18.699764000000002,402.14105,2991.3314,504.04377,109.10771000000001,4.62,13.282682999999999,77.483362,0.17142626,0.6824344,u09,Joystick,A0,Low,Low
19,55.482046999999994,18.743115,398.52567999999997,2984.1787,503.03637000000003,104.78495,4.8,13.332011999999999,77.322523,0.17242081,0.70417438,u09,Joystick,A0,Low,Low
20,55.651681999999994,18.786366,406.25529,2994.2842,509.78687,102.23565,4.99,13.360628,77.56102800000001,0.17225956,0.7184095,u09,Joystick,A0,Low,Low
21,56.25979399999999,18.786366,429.2004,3030.4382,526.96606,117.74407,4.48,13.323823999999998,78.439814,0.16986048,0.73147078,u09,Joystick,A0,Low,Low
22,56.603246999999996,18.565713,448.2955,3041.715,562.79471,111.98383999999999,5.03,13.158439000000001,78.960184,0.16664651,0.731963,u09,Joystick,A0,Low,Low
