patID,t_start,t_end,NNmean,NNmedian,NNmode,NNvariance,NNskew,NNkurt,NNiqr,SDNN,RMSSD,pnn50,btsdet,avgsqi,tdflag,ulf,vlf,lf,hf,lfhf,ttlpwr,fdflag,ac,dc,SD1,SD2,SD1SD2,SampEn,ApEn
u05_JOY_A0_5,0,30,925.125,922,892,3498.5645,0.17923897,2.8613039,68,59.148665,49.913474,0.25806452,32,0.92365205,5,81.433318,912.76008,1503.6684,1232.5839,1.22,3730.4457,5,,,35.675479,75.659694,0.47152555,Inf,0.14414089
