patID,t_start,t_end,NNmean,NNmedian,NNmode,NNvariance,NNskew,NNkurt,NNiqr,SDNN,RMSSD,pnn50,btsdet,avgsqi,tdflag,ulf,vlf,lf,hf,lfhf,ttlpwr,fdflag,ac,dc,SD1,SD2,SD1SD2,SampEn,ApEn
u14_SNP_A0_3,0,30,1100.8889,1108,1108,3126.5641,-0.30644276,3.1076588,62,55.915687,64.982838,0.46153846,27,0.9968254,5,39.072056,469.79503,981.61119,1243.6225,0.79,2734.1008,5,,,46.784087,63.75247,0.73383959,1.0185696,0.09145761
