patID,t_start,t_end,NNmean,NNmedian,NNmode,NNvariance,NNskew,NNkurt,NNiqr,SDNN,RMSSD,pnn50,btsdet,avgsqi,tdflag,ulf,vlf,lf,hf,lfhf,ttlpwr,fdflag,ac,dc,SD1,SD2,SD1SD2,SampEn,ApEn
u14_SNP_A0_6,0,30,1064.2963,1068,1080,2467.6011,-0.20777227,2.231275,73,49.674955,60.128068,0.42307692,27,0.99085842,5,44.846319,580.08616,497.79466,1219.0454,0.41,2341.7725,5,,,43.334974,55.292696,0.78373777,Inf,0.034887259
