t_win,TO,TS,nPVCs
0,-5.87307661089698,12.59765625,16
