,SDNN,RMSSD,ulf,vlf,lf,hf,lfhf,SD1,SD2,SD1SD2,ApEn,Subject,Interface,Autonomy Level,Raw Label,Weighted Label
22,13.301179999999999,6.761234,17.87806,202.1617,47.8386,12.22109,3.91,4.808046,18.18586,0.26438379999999995,0.46670379999999995,s02,Headarray,A1,Low,Low
23,13.11403,6.8173449999999995,17.216160000000002,184.459,48.586240000000004,21.11075,2.3,4.831180000000001,17.905739999999998,0.2698119,0.3907179,s02,Headarray,A1,Low,Low
24,13.12889,6.8173449999999995,17.24592,176.8942,47.21525,30.31178,1.56,4.809978,17.93319,0.26821649999999997,0.3907179,s02,Headarray,A1,Low,Low
25,12.65546,6.874286,15.984689999999999,161.0515,43.19058,31.204990000000002,1.38,4.881769,17.21888,0.2835127,0.3721974,s02,Headarray,A1,Low,Low
26,11.603639999999999,7.197883,12.87935,128.8594,29.514020000000002,34.25584,0.86,5.0860199999999995,15.601970000000001,0.3259858,0.35015250000000003,s02,Headarray,A1,Low,Low
27,10.58261,7.420901,9.682603,104.694,24.714979999999997,27.4491,0.9,5.294432,13.998289999999999,0.3782199,0.3444179,s02,Headarray,A1,Low,Low
