,SDNN,RMSSD,ulf,vlf,lf,hf,lfhf,SD1,SD2,SD1SD2,ApEn,Subject,Interface,Autonomy Level,Raw Label,Weighted Label
42,18.55992,15.271279999999999,0.03322178,28.393040000000003,296.4861,37.10586,7.99,10.94892,23.85503,0.45897730000000003,0.02806884,s04,Sip-n-puff,A0,High,Low
43,18.539620000000003,15.06066,0.2044091,33.78584,293.2861,34.62874,8.47,10.78852,23.89651,0.4514684,0.08137267,s04,Sip-n-puff,A0,High,Low
44,18.296670000000002,14.98189,0.26899809999999996,34.931090000000005,286.0639,32.575140000000005,8.78,10.740639999999999,23.54093,0.45625390000000005,0.07922605,s04,Sip-n-puff,A0,High,Low
45,18.04233,14.787379999999999,0.2704118,34.16532,278.5381,31.175590000000003,8.93,10.599789999999999,23.20981,0.4566943,0.1259798,s04,Sip-n-puff,A0,High,Low
46,17.8819,15.14839,0.11611889999999998,27.354159999999997,272.2325,31.15816,8.74,10.85505,22.8406,0.47525259999999997,0.11993519999999999,s04,Sip-n-puff,A0,High,Low
47,18.11768,15.1104,0.01638329,28.439329999999998,283.7999,31.95167,8.88,10.82207,23.224629999999998,0.4659736,0.12288319999999998,s04,Sip-n-puff,A0,High,Low
48,18.1929,14.98107,0.03650057,21.02792,297.3861,31.25507,9.51,10.73682,23.38127,0.45920600000000006,0.12288319999999998,s04,Sip-n-puff,A0,High,Low
49,18.5322,14.80686,0.2918768,17.29503,315.9389,27.91371,11.32,10.591510000000001,23.973000000000003,0.4418102,0.12288319999999998,s04,Sip-n-puff,A0,High,Low
