,SDNN,RMSSD,ulf,vlf,lf,hf,lfhf,SD1,SD2,SD1SD2,ApEn,Subject,Interface,Autonomy Level,Raw Label,Weighted Label
208,43.622624,46.164922,46.506258,656.72069,432.93788,492.50525,0.88,33.471433000000005,51.822098,0.64589113,-0.051293294,u02,Joystick,A0,Low,Low
209,42.572271,46.064137,40.954668,611.57284,418.02007000000003,466.87644000000006,0.9,33.37407,50.109559999999995,0.66602202,-0.048790164000000004,u02,Joystick,A0,Low,Low
210,42.651265,45.972324,46.707745,675.48673,342.0046,498.75223,0.69,33.255666999999995,50.322177,0.6608550999999999,-0.046520016,u02,Joystick,A0,Low,Low
