,SDNN,RMSSD,ulf,vlf,lf,hf,lfhf,SD1,SD2,SD1SD2,ApEn,Subject,Interface,Autonomy Level,Raw Label,Weighted Label
282,61.54543,93.280938,1.6654676,43.502437,689.188,2690.3479,0.26,67.35714899999999,55.124355,1.2219127,-0.042559614,u05,Headarray,A0,Low,Low
283,62.645867,91.986086,7.4544064,132.07724,814.23332,2578.5578,0.32,66.31199000000001,58.75141899999999,1.1286875,0.036139047,u05,Headarray,A0,Low,Low
284,63.293465000000005,90.203189,15.526741000000001,245.72373,887.85648,2545.6522,0.35,64.98245899999999,61.558145999999994,1.0556273,0.034887259,u05,Headarray,A0,Low,Low
285,62.114249,89.845959,13.517444,223.10043,860.69734,2459.1481,0.35,64.737735,59.374956000000005,1.0903206,0.033718636,u05,Headarray,A0,Low,Low
