,SDNN,RMSSD,ulf,vlf,lf,hf,lfhf,SD1,SD2,SD1SD2,ApEn,Subject,Interface,Autonomy Level,Raw Label,Weighted Label
497,30.782953999999997,29.651307,14.695143,202.68383,676.18011,217.10326,3.11,21.226012,38.008379,0.55845612,0.31529865,u07,Headarray,A0,High,High
498,30.749975,29.873065000000004,12.578479,187.95303,675.50361,211.1607,3.2,21.389549,37.863031,0.5649191,0.31529865,u07,Headarray,A0,High,High
499,30.783112,29.720060999999998,11.310293,177.20741,691.3679400000001,227.96473999999998,3.03,21.288837,37.973483,0.56062376,0.32125327,u07,Headarray,A0,High,High
500,31.138714,25.87663,6.698324,174.37382,720.28743,236.70584,3.04,18.516798,39.954565,0.46344636,0.37781901,u07,Headarray,A0,High,High
501,28.815984999999998,22.653918,0.86764066,107.09107,753.41355,159.70401,4.72,16.215061,37.38708,0.43370761,0.37781901,u07,Headarray,A0,High,High
502,28.643453000000004,22.253946,0.047826423,119.7166,758.64482,136.42808,5.56,15.924326999999998,37.246619,0.42753753,0.36465011,u07,Headarray,A0,High,High
