,SDNN,RMSSD,ulf,vlf,lf,hf,lfhf,SD1,SD2,SD1SD2,ApEn,Subject,Interface,Autonomy Level,Raw Label,Weighted Label
588,131.461021,122.325847,133.13743200000002,2906.8879899999997,8284.07261,5813.05626,1.43,87.9254816,163.808149,0.536758899,0.439968921,u11,Sip-n-puff,A0,High,High
589,127.84946200000002,121.11771100000001,199.50646,3427.0820000000003,7431.501940000001,5086.561320000001,1.46,86.97455129999999,158.513082,0.548690053,0.386027701,u11,Sip-n-puff,A0,High,High
590,126.01983999999999,119.507322,252.923199,4025.73499,6726.446,4905.33791,1.37,85.85584320000001,156.17546000000002,0.549739654,0.350936381,u11,Sip-n-puff,A0,High,High
591,126.03078000000001,118.414526,249.36672599999997,4122.5725600000005,6665.93825,4889.6866899999995,1.36,85.05937209999999,156.62828100000002,0.543065221,0.386027701,u11,Sip-n-puff,A0,High,High
592,125.26807600000001,118.22859199999999,218.36572599999997,3701.07004,6758.0818,5010.2528,1.35,84.9310916,155.469905,0.546286379,0.350936381,u11,Sip-n-puff,A0,High,High
593,125.659352,114.751906,232.733215,3580.96821,6743.134059999999,5171.93361,1.3,82.22686949999999,157.541383,0.5219382229999999,0.350936381,u11,Sip-n-puff,A0,High,High
